{
    "name": "root",
    "gauges": {
        "SlimeMouldAgentDefener.Policy.Entropy.mean": {
            "value": 1.5973846912384033,
            "min": 1.4289813041687012,
            "max": 1.6000843048095703,
            "count": 21
        },
        "SlimeMouldAgentDefener.Policy.Entropy.sum": {
            "value": 79128.046875,
            "min": 71609.109375,
            "max": 80183.421875,
            "count": 21
        },
        "SlimeMouldAgentDefener.Step.mean": {
            "value": 1049984.0,
            "min": 49984.0,
            "max": 1049984.0,
            "count": 21
        },
        "SlimeMouldAgentDefener.Step.sum": {
            "value": 1049984.0,
            "min": 49984.0,
            "max": 1049984.0,
            "count": 21
        },
        "SlimeMouldAgentDefener.Policy.ExtrinsicBaselineEstimate.mean": {
            "value": 4.647710483141054e-08,
            "min": 4.647710483141054e-08,
            "max": 0.03647106885910034,
            "count": 21
        },
        "SlimeMouldAgentDefener.Policy.ExtrinsicBaselineEstimate.sum": {
            "value": 3.63450963050127e-05,
            "min": 3.63450963050127e-05,
            "max": 28.483903884887695,
            "count": 21
        },
        "SlimeMouldAgentDefener.Policy.ExtrinsicValueEstimate.mean": {
            "value": 4.647710483141054e-08,
            "min": 4.647710483141054e-08,
            "max": 0.03647106885910034,
            "count": 21
        },
        "SlimeMouldAgentDefener.Policy.ExtrinsicValueEstimate.sum": {
            "value": 3.63450963050127e-05,
            "min": 3.63450963050127e-05,
            "max": 28.483903884887695,
            "count": 21
        },
        "SlimeMouldAgentDefener.Losses.PolicyLoss.mean": {
            "value": 0.02337679939121396,
            "min": 0.022034360317629766,
            "max": 0.18333748221436205,
            "count": 21
        },
        "SlimeMouldAgentDefener.Losses.PolicyLoss.sum": {
            "value": 0.1168839969560698,
            "min": 0.1077890628153303,
            "max": 0.7333499288574482,
            "count": 21
        },
        "SlimeMouldAgentDefener.Losses.ValueLoss.mean": {
            "value": 1.2820319934055652e-16,
            "min": 1.2820319934055652e-16,
            "max": 6.710277570694719e-06,
            "count": 21
        },
        "SlimeMouldAgentDefener.Losses.ValueLoss.sum": {
            "value": 6.410159967027826e-16,
            "min": 6.410159967027826e-16,
            "max": 2.6841110282778877e-05,
            "count": 21
        },
        "SlimeMouldAgentDefener.Losses.BaselineLoss.mean": {
            "value": 1.2820319934055652e-16,
            "min": 1.2820319934055652e-16,
            "max": 6.710277570694719e-06,
            "count": 21
        },
        "SlimeMouldAgentDefener.Losses.BaselineLoss.sum": {
            "value": 6.410159967027826e-16,
            "min": 6.410159967027826e-16,
            "max": 2.6841110282778877e-05,
            "count": 21
        },
        "SlimeMouldAgentDefener.Policy.LearningRate.mean": {
            "value": 0.0003,
            "min": 0.0003,
            "max": 0.0003,
            "count": 21
        },
        "SlimeMouldAgentDefener.Policy.LearningRate.sum": {
            "value": 0.0014999999999999998,
            "min": 0.0012,
            "max": 0.0014999999999999998,
            "count": 21
        },
        "SlimeMouldAgentDefener.Policy.Epsilon.mean": {
            "value": 0.2000000000000001,
            "min": 0.20000000000000007,
            "max": 0.2000000000000001,
            "count": 21
        },
        "SlimeMouldAgentDefener.Policy.Epsilon.sum": {
            "value": 1.0000000000000004,
            "min": 0.8000000000000003,
            "max": 1.0000000000000004,
            "count": 21
        },
        "SlimeMouldAgentDefener.Policy.Beta.mean": {
            "value": 0.010000000000000002,
            "min": 0.010000000000000002,
            "max": 0.010000000000000002,
            "count": 21
        },
        "SlimeMouldAgentDefener.Policy.Beta.sum": {
            "value": 0.05000000000000001,
            "min": 0.04000000000000001,
            "max": 0.05000000000000001,
            "count": 21
        },
        "SlimeMouldAgentDefener.IsTraining.mean": {
            "value": 1.0,
            "min": 1.0,
            "max": 1.0,
            "count": 21
        },
        "SlimeMouldAgentDefener.IsTraining.sum": {
            "value": 1.0,
            "min": 1.0,
            "max": 1.0,
            "count": 21
        }
    },
    "metadata": {
        "timer_format_version": "0.1.0",
        "start_time_seconds": "1682336651",
        "python_version": "3.10.8 (main, Apr  4 2023, 11:22:02) [GCC 12.2.0]",
        "command_line_arguments": "/home/stefano/git/uni/MasterThesisFlySim/python_part/venv/bin/mlagents-learn config/slimeMould.yaml --run-id=slimemould_1",
        "mlagents_version": "0.30.0",
        "mlagents_envs_version": "0.30.0",
        "communication_protocol_version": "1.5.0",
        "pytorch_version": "1.11.0+cpu",
        "numpy_version": "1.21.2",
        "end_time_seconds": "1682338353"
    },
    "total": 1701.7305600370019,
    "count": 1,
    "self": 0.0034140040042984765,
    "children": {
        "run_training.setup": {
            "total": 0.007272472998010926,
            "count": 1,
            "self": 0.007272472998010926
        },
        "TrainerController.start_learning": {
            "total": 1701.7198735599995,
            "count": 1,
            "self": 1.7884222886132193,
            "children": {
                "TrainerController._reset_env": {
                    "total": 5.68792333500096,
                    "count": 1,
                    "self": 5.68792333500096
                },
                "TrainerController.advance": {
                    "total": 1694.2071180393832,
                    "count": 120537,
                    "self": 1.5732929842597514,
                    "children": {
                        "env_step": {
                            "total": 1400.4091736286173,
                            "count": 120537,
                            "self": 1338.5111747799456,
                            "children": {
                                "SubprocessEnvManager._take_step": {
                                    "total": 60.736328154816874,
                                    "count": 120537,
                                    "self": 5.556980685709277,
                                    "children": {
                                        "TorchPolicy.evaluate": {
                                            "total": 55.1793474691076,
                                            "count": 120537,
                                            "self": 55.1793474691076
                                        }
                                    }
                                },
                                "workers": {
                                    "total": 1.1616706938548305,
                                    "count": 120536,
                                    "self": 0.0,
                                    "children": {
                                        "worker_root": {
                                            "total": 1639.4254177626353,
                                            "count": 120536,
                                            "is_parallel": true,
                                            "self": 459.97737972314644,
                                            "children": {
                                                "run_training.setup": {
                                                    "total": 0.0,
                                                    "count": 0,
                                                    "is_parallel": true,
                                                    "self": 0.0,