{
    "name": "root",
    "gauges": {
        "SlimeMouldAgentDefener.Policy.Entropy.mean": {
            "value": 3.581946849822998,
            "min": 1.4254786968231201,
            "max": 3.581946849822998,
            "count": 300
        },
        "SlimeMouldAgentDefener.Policy.Entropy.sum": {
            "value": 179305.09375,
            "min": 71668.90625,
            "max": 179305.09375,
            "count": 300
        },
        "SlimeMouldAgentDefener.Step.mean": {
            "value": 14999986.0,
            "min": 49990.0,
            "max": 14999986.0,
            "count": 300
        },
        "SlimeMouldAgentDefener.Step.sum": {
            "value": 14999986.0,
            "min": 49990.0,
            "max": 14999986.0,
            "count": 300
        },
        "SlimeMouldAgentDefener.Policy.ExtrinsicBaselineEstimate.mean": {
            "value": 3.5762298107147217,
            "min": 0.9327065944671631,
            "max": 4.280635833740234,
            "count": 300
        },
        "SlimeMouldAgentDefener.Policy.ExtrinsicBaselineEstimate.sum": {
            "value": 3122.048583984375,
            "min": 814.2528686523438,
            "max": 3719.87255859375,
            "count": 300
        },
        "SlimeMouldAgentDefener.Policy.ExtrinsicValueEstimate.mean": {
            "value": 3.5765297412872314,
            "min": 1.1161525249481201,
            "max": 4.283000469207764,
            "count": 300
        },
        "SlimeMouldAgentDefener.Policy.ExtrinsicValueEstimate.sum": {
            "value": 3122.310546875,
            "min": 974.401123046875,
            "max": 3721.92724609375,
            "count": 300
        },
        "SlimeMouldAgentDefener.Environment.EpisodeLength.mean": {
            "value": 436.3157894736842,
            "min": 398.7049180327869,
            "max": 459.24074074074076,
            "count": 300
        },
        "SlimeMouldAgentDefener.Environment.EpisodeLength.sum": {
            "value": 49740.0,
            "min": 48400.0,
            "max": 52386.0,
            "count": 300
        },
        "SlimeMouldAgentDefener.Environment.CumulativeReward.mean": {
            "value": 0.0,
            "min": 0.0,
            "max": 0.0,
            "count": 300
        },
        "SlimeMouldAgentDefener.Environment.CumulativeReward.sum": {
            "value": 0.0,
            "min": 0.0,
            "max": 0.0,
            "count": 300
        },
        "SlimeMouldAgentDefener.Policy.ExtrinsicReward.mean": {
            "value": 21.782279439139785,
            "min": 19.791638183789175,
            "max": 22.981109783605294,
            "count": 300
        },
        "SlimeMouldAgentDefener.Policy.ExtrinsicReward.sum": {
            "value": 2483.1798560619354,
            "min": 2408.4798579216003,
            "max": 2596.729849934578,
            "count": 300
        },
        "SlimeMouldAgentDefener.Environment.GroupCumulativeReward.mean": {
            "value": 21.782279439139785,
            "min": 19.791638183789175,
            "max": 22.981109783605294,
            "count": 300
        },
        "SlimeMouldAgentDefener.Environment.GroupCumulativeReward.sum": {
            "value": 2483.1798560619354,
            "min": 2408.4798579216003,
            "max": 2596.729849934578,
            "count": 300
        },
        "SlimeMouldAgentDefener.Losses.PolicyLoss.mean": {
            "value": 0.022528355911496573,
            "min": 0.019473043494581364,
            "max": 0.08347206165094576,
            "count": 300
        },
        "SlimeMouldAgentDefener.Losses.PolicyLoss.sum": {
            "value": 0.09011342364598629,
            "min": 0.0845079025166342,
            "max": 0.333888246603783,
            "count": 300
        },
        "SlimeMouldAgentDefener.Losses.ValueLoss.mean": {
            "value": 0.030782444476305196,
            "min": 0.0015309137889804939,
            "max": 0.2672654178738594,
            "count": 300
        },
        "SlimeMouldAgentDefener.Losses.ValueLoss.sum": {
            "value": 0.12312977790522078,
            "min": 0.006922445725649594,
            "max": 1.336327089369297,
            "count": 300
        },
        "SlimeMouldAgentDefener.Losses.BaselineLoss.mean": {
            "value": 0.03213601447059773,
            "min": 0.0021463729868022104,
            "max": 0.31863315962255,
            "count": 300
        },
        "SlimeMouldAgentDefener.Losses.BaselineLoss.sum": {
            "value": 0.12854405788239093,
            "min": 0.008585491947208842,
            "max": 1.5491061955690384,
            "count": 300
        },
        "SlimeMouldAgentDefener.Policy.LearningRate.mean": {
            "value": 0.0003,
            "min": 0.0003,
            "max": 0.0003,
            "count": 300
        },
        "SlimeMouldAgentDefener.Policy.LearningRate.sum": {
            "value": 0.0012,
            "min": 0.0012,
            "max": 0.0014999999999999998,
            "count": 300
        },
        "SlimeMouldAgentDefener.Policy.Epsilon.mean": {
            "value": 0.20000000000000007,
            "min": 0.20000000000000007,
            "max": 0.2000000000000001,
            "count": 300
        },
        "SlimeMouldAgentDefener.Policy.Epsilon.sum": {
            "value": 0.8000000000000003,
            "min": 0.8000000000000003,
            "max": 1.0000000000000004,
            "count": 300
        },
        "SlimeMouldAgentDefener.Policy.Beta.mean": {
            "value": 0.010000000000000002,
            "min": 0.010000000000000002,
            "max": 0.010000000000000002,
            "count": 300
        },
        "SlimeMouldAgentDefener.Policy.Beta.sum": {
            "value": 0.04000000000000001,
            "min": 0.04000000000000001,
            "max": 0.05000000000000001,
            "count": 300
        },
        "SlimeMouldAgentDefener.IsTraining.mean": {
            "value": 1.0,
            "min": 1.0,
            "max": 1.0,
            "count": 300
        },
        "SlimeMouldAgentDefener.IsTraining.sum": {
            "value": 1.0,
            "min": 1.0,
            "max": 1.0,
            "count": 300
        }
    },
    "metadata": {
        "timer_format_version": "0.1.0",
        "start_time_seconds": "1682342116",
        "python_version": "3.10.8 (main, Apr  4 2023, 11:22:02) [GCC 12.2.0]",
        "command_line_arguments": "/home/stefano/git/uni/MasterThesisFlySim/python_part/venv/bin/mlagents-learn config/slimeMould.yaml --run-id=slimemould_3",
        "mlagents_version": "0.30.0",
        "mlagents_envs_version": "0.30.0",
        "communication_protocol_version": "1.5.0",
        "pytorch_version": "1.11.0+cpu",
        "numpy_version": "1.21.2",
        "end_time_seconds": "1682362023"
    },
    "total": 19907.523385262997,
    "count": 1,
    "self": 0.004909862000204157,
    "children": {
        "run_training.setup": {
            "total": 0.007222131000162335,
            "count": 1,
            "self": 0.007222131000162335
        },
        "TrainerController.start_learning": {
            "total": 19907.511253269997,
            "count": 1,
            "self": 14.278812521399232,
            "children": {
                "TrainerController._reset_env": {
                    "total": 4.635515437999857,
                    "count": 1,
                    "self": 4.635515437999857
                },
                "TrainerController.advance": {
                    "total": 19888.562263945594,
                    "count": 846829,
                    "self": 12.789094953575841,
                    "children": {
                        "env_step": {
                            "total": 14617.887221905235,
                            "count": 846829,
                            "self": 14132.553866322974,
                            "children": {
                                "SubprocessEnvManager._take_step": {
                                    "total": 476.23293913495945,