{
    "name": "root",
    "gauges": {
        "GWO_Defender.Policy.Entropy.mean": {
            "value": 2.9140079021453857,
            "min": 1.410091519355774,
            "max": 2.9140079021453857,
            "count": 300
        },
        "GWO_Defender.Policy.Entropy.sum": {
            "value": 145210.84375,
            "min": 70336.0078125,
            "max": 145303.421875,
            "count": 300
        },
        "GWO_Defender.Step.mean": {
            "value": 14999958.0,
            "min": 49964.0,
            "max": 14999958.0,
            "count": 300
        },
        "GWO_Defender.Step.sum": {
            "value": 14999958.0,
            "min": 49964.0,
            "max": 14999958.0,
            "count": 300
        },
        "GWO_Defender.Policy.ExtrinsicBaselineEstimate.mean": {
            "value": 4.972339153289795,
            "min": 1.0458500385284424,
            "max": 5.011195182800293,
            "count": 300
        },
        "GWO_Defender.Policy.ExtrinsicBaselineEstimate.sum": {
            "value": 4032.567138671875,
            "min": 849.230224609375,
            "max": 4072.333984375,
            "count": 300
        },
        "GWO_Defender.Policy.ExtrinsicValueEstimate.mean": {
            "value": 4.9728593826293945,
            "min": 1.1892930269241333,
            "max": 5.0110907554626465,
            "count": 300
        },
        "GWO_Defender.Policy.ExtrinsicValueEstimate.sum": {
            "value": 4032.98876953125,
            "min": 965.7059326171875,
            "max": 4072.323486328125,
            "count": 300
        },
        "GWO_Defender.Environment.EpisodeLength.mean": {
            "value": 799.2,
            "min": 765.6,
            "max": 799.25,
            "count": 300
        },
        "GWO_Defender.Environment.EpisodeLength.sum": {
            "value": 47952.0,
            "min": 45936.0,
            "max": 51152.0,
            "count": 300
        },
        "GWO_Defender.Environment.CumulativeReward.mean": {
            "value": 0.0,
            "min": 0.0,
            "max": 0.0,
            "count": 300
        },
        "GWO_Defender.Environment.CumulativeReward.sum": {
            "value": 0.0,
            "min": 0.0,
            "max": 0.0,
            "count": 300
        },
        "GWO_Defender.Policy.ExtrinsicReward.mean": {
            "value": 39.977997636795045,
            "min": 38.19633106390635,
            "max": 39.97902989387512,
            "count": 300
        },
        "GWO_Defender.Policy.ExtrinsicReward.sum": {
            "value": 2398.6798582077026,
            "min": 2291.779863834381,
            "max": 2558.61984872818,
            "count": 300
        },
        "GWO_Defender.Environment.GroupCumulativeReward.mean": {
            "value": 39.977997636795045,
            "min": 38.19633106390635,
            "max": 39.97902989387512,
            "count": 300
        },
        "GWO_Defender.Environment.GroupCumulativeReward.sum": {
            "value": 2398.6798582077026,
            "min": 2291.779863834381,
            "max": 2558.61984872818,
            "count": 300
        },
        "GWO_Defender.Losses.PolicyLoss.mean": {
            "value": 0.02342448469290199,
            "min": 0.019757730000310402,
            "max": 0.029789428715594115,
            "count": 300
        },
        "GWO_Defender.Losses.PolicyLoss.sum": {
            "value": 0.11712242346450996,
            "min": 0.07903092000124161,
            "max": 0.13875314250296167,
            "count": 300
        },
        "GWO_Defender.Losses.ValueLoss.mean": {
            "value": 2.9907145575028455e-05,
            "min": 1.1951290609128289e-05,
            "max": 0.09390043501429621,
            "count": 300
        },
        "GWO_Defender.Losses.ValueLoss.sum": {
            "value": 0.00014953572787514228,
            "min": 4.7805162436513154e-05,
            "max": 0.46950217507148106,
            "count": 300
        },
        "GWO_Defender.Losses.BaselineLoss.mean": {
            "value": 4.399990168167278e-05,
            "min": 1.2991889094943567e-05,
            "max": 0.2809781514108181,
            "count": 300
        },
        "GWO_Defender.Losses.BaselineLoss.sum": {
            "value": 0.0002199995084083639,
            "min": 6.109826085776149e-05,
            "max": 1.1239126056432724,
            "count": 300
        },
        "GWO_Defender.Policy.LearningRate.mean": {
            "value": 0.0003,
            "min": 0.0003,
            "max": 0.0003,
            "count": 300
        },
        "GWO_Defender.Policy.LearningRate.sum": {
            "value": 0.0014999999999999998,
            "min": 0.0012,
            "max": 0.0014999999999999998,
            "count": 300
        },
        "GWO_Defender.Policy.Epsilon.mean": {
            "value": 0.2000000000000001,
            "min": 0.20000000000000007,
            "max": 0.2000000000000001,
            "count": 300
        },
        "GWO_Defender.Policy.Epsilon.sum": {
            "value": 1.0000000000000004,
            "min": 0.8000000000000003,
            "max": 1.0000000000000004,
            "count": 300
        },
        "GWO_Defender.Policy.Beta.mean": {
            "value": 0.010000000000000002,
            "min": 0.010000000000000002,
            "max": 0.010000000000000002,
            "count": 300
        },
        "GWO_Defender.Policy.Beta.sum": {
            "value": 0.05000000000000001,
            "min": 0.04000000000000001,
            "max": 0.05000000000000001,
            "count": 300
        },
        "GWO_Defender.IsTraining.mean": {
            "value": 1.0,
            "min": 1.0,
            "max": 1.0,
            "count": 300
        },
        "GWO_Defender.IsTraining.sum": {
            "value": 1.0,
            "min": 1.0,
            "max": 1.0,
            "count": 300
        }
    },
    "metadata": {
        "timer_format_version": "0.1.0",
        "start_time_seconds": "1673364407",
        "python_version": "3.10.5 (main, Jul 10 2022, 10:18:59) [GCC 11.2.0]",
        "command_line_arguments": "/home/stefano/git/uni/MasterThesisFlySim/python_part/venv/bin/mlagents-learn config/gwo.yaml --run-id=GWO_1",
        "mlagents_version": "0.30.0",
        "mlagents_envs_version": "0.30.0",
        "communication_protocol_version": "1.5.0",
        "pytorch_version": "1.11.0+cpu",
        "numpy_version": "1.21.2",
        "end_time_seconds": "1673381928"
    },
    "total": 17520.66699463001,
    "count": 1,
    "self": 0.0042544739990262315,
    "children": {
        "run_training.setup": {
            "total": 0.007640417999937199,
            "count": 1,
            "self": 0.007640417999937199
        },
        "TrainerController.start_learning": {
            "total": 17520.65509973801,
            "count": 1,
            "self": 28.156420021114172,
            "children": {
                "TrainerController._reset_env": {
                    "total": 4.373275906997151,
                    "count": 1,
                    "self": 4.373275906997151
                },
                "TrainerController.advance": {
                    "total": 17488.093437755902,
                    "count": 1880722,
                    "self": 23.770179335799185,
                    "children": {
                        "env_step": {
                            "total": 12381.513410865533,
                            "count": 1880722,
                            "self": 11546.238034763184,
                            "children": {
                                "SubprocessEnvManager._take_step": {
                                    "total": 818.4874829005712,
                                    "count": 1880722,
                                    "self": 81.4922146537574,
                                    "children": {
                                        "TorchPolicy.evaluate": {
                                            "total": 736.9952682468138,