{
    "name": "root",
    "gauges": {
        "SlimeMouldAgentDefener.Policy.Entropy.mean": {
            "value": 1.6928726434707642,
            "min": 1.4276130199432373,
            "max": 1.6928726434707642,
            "count": 24
        },
        "SlimeMouldAgentDefener.Policy.Entropy.sum": {
            "value": 84772.2890625,
            "min": 71548.3984375,
            "max": 84772.2890625,
            "count": 24
        },
        "SlimeMouldAgentDefener.Step.mean": {
            "value": 1199982.0,
            "min": 49984.0,
            "max": 1199982.0,
            "count": 24
        },
        "SlimeMouldAgentDefener.Step.sum": {
            "value": 1199982.0,
            "min": 49984.0,
            "max": 1199982.0,
            "count": 24
        },
        "SlimeMouldAgentDefener.Policy.ExtrinsicBaselineEstimate.mean": {
            "value": 3.5387024879455566,
            "min": 0.8716438412666321,
            "max": 4.319675922393799,
            "count": 24
        },
        "SlimeMouldAgentDefener.Policy.ExtrinsicBaselineEstimate.sum": {
            "value": 3106.980712890625,
            "min": 761.8167114257812,
            "max": 3818.593505859375,
            "count": 24
        },
        "SlimeMouldAgentDefener.Policy.ExtrinsicValueEstimate.mean": {
            "value": 3.5283775329589844,
            "min": 1.0536280870437622,
            "max": 4.319285869598389,
            "count": 24
        },
        "SlimeMouldAgentDefener.Policy.ExtrinsicValueEstimate.sum": {
            "value": 3097.91552734375,
            "min": 920.8709716796875,
            "max": 3818.24853515625,
            "count": 24
        },
        "SlimeMouldAgentDefener.Environment.EpisodeLength.mean": {
            "value": 348.85714285714283,
            "min": 304.5875,
            "max": 427.6896551724138,
            "count": 24
        },
        "SlimeMouldAgentDefener.Environment.EpisodeLength.sum": {
            "value": 48840.0,
            "min": 47192.0,
            "max": 51684.0,
            "count": 24
        },
        "SlimeMouldAgentDefener.Environment.CumulativeReward.mean": {
            "value": 0.0,
            "min": 0.0,
            "max": 0.0,
            "count": 24
        },
        "SlimeMouldAgentDefener.Environment.CumulativeReward.sum": {
            "value": 0.0,
            "min": 0.0,
            "max": 0.0,
            "count": 24
        },
        "SlimeMouldAgentDefener.Policy.ExtrinsicReward.mean": {
            "value": 17.080713245272637,
            "min": 14.753624065592884,
            "max": 21.32051600772759,
            "count": 24
        },
        "SlimeMouldAgentDefener.Policy.ExtrinsicReward.sum": {
            "value": 2391.299854338169,
            "min": 2279.8398553729057,
            "max": 2545.3598465919495,
            "count": 24
        },
        "SlimeMouldAgentDefener.Environment.GroupCumulativeReward.mean": {
            "value": 17.080713245272637,
            "min": 14.753624065592884,
            "max": 21.32051600772759,
            "count": 24
        },
        "SlimeMouldAgentDefener.Environment.GroupCumulativeReward.sum": {
            "value": 2391.299854338169,
            "min": 2279.8398553729057,
            "max": 2545.3598465919495,
            "count": 24
        },
        "SlimeMouldAgentDefener.Losses.PolicyLoss.mean": {
            "value": 0.02338644970499445,
            "min": 0.02338644970499445,
            "max": 0.13661810927696932,
            "count": 24
        },
        "SlimeMouldAgentDefener.Losses.PolicyLoss.sum": {
            "value": 0.11693224852497223,
            "min": 0.10666380028026953,
            "max": 0.5464724371078773,
            "count": 24
        },
        "SlimeMouldAgentDefener.Losses.ValueLoss.mean": {
            "value": 0.06351226497441528,
            "min": 0.057180920081833994,
            "max": 0.22780992691715557,
            "count": 24
        },
        "SlimeMouldAgentDefener.Losses.ValueLoss.sum": {
            "value": 0.31756132487207644,
            "min": 0.28590460040917,
            "max": 1.139049634585778,
            "count": 24
        },
        "SlimeMouldAgentDefener.Losses.BaselineLoss.mean": {
            "value": 0.08194192121426265,
            "min": 0.06514857253680625,
            "max": 0.32488438822329047,
            "count": 24
        },
        "SlimeMouldAgentDefener.Losses.BaselineLoss.sum": {
            "value": 0.40970960607131324,
            "min": 0.3194206700970729,
            "max": 1.2995375528931619,
            "count": 24
        },
        "SlimeMouldAgentDefener.Policy.LearningRate.mean": {
            "value": 0.0003,
            "min": 0.0003,
            "max": 0.0003,
            "count": 24
        },
        "SlimeMouldAgentDefener.Policy.LearningRate.sum": {
            "value": 0.0014999999999999998,
            "min": 0.0012,
            "max": 0.0014999999999999998,
            "count": 24
        },
        "SlimeMouldAgentDefener.Policy.Epsilon.mean": {
            "value": 0.2000000000000001,
            "min": 0.20000000000000007,
            "max": 0.2000000000000001,
            "count": 24
        },
        "SlimeMouldAgentDefener.Policy.Epsilon.sum": {
            "value": 1.0000000000000004,
            "min": 0.8000000000000003,
            "max": 1.0000000000000004,
            "count": 24
        },
        "SlimeMouldAgentDefener.Policy.Beta.mean": {
            "value": 0.010000000000000002,
            "min": 0.010000000000000002,
            "max": 0.010000000000000002,
            "count": 24
        },
        "SlimeMouldAgentDefener.Policy.Beta.sum": {
            "value": 0.05000000000000001,
            "min": 0.04000000000000001,
            "max": 0.05000000000000001,
            "count": 24
        },
        "SlimeMouldAgentDefener.IsTraining.mean": {
            "value": 1.0,
            "min": 1.0,
            "max": 1.0,
            "count": 24
        },
        "SlimeMouldAgentDefener.IsTraining.sum": {
            "value": 1.0,
            "min": 1.0,
            "max": 1.0,
            "count": 24
        }
    },
    "metadata": {
        "timer_format_version": "0.1.0",
        "start_time_seconds": "1682338968",
        "python_version": "3.10.8 (main, Apr  4 2023, 11:22:02) [GCC 12.2.0]",
        "command_line_arguments": "/home/stefano/git/uni/MasterThesisFlySim/python_part/venv/bin/mlagents-learn config/slimeMould.yaml --run-id=slimemould_2",
        "mlagents_version": "0.30.0",
        "mlagents_envs_version": "0.30.0",
        "communication_protocol_version": "1.5.0",
        "pytorch_version": "1.11.0+cpu",
        "numpy_version": "1.21.2",
        "end_time_seconds": "1682341075"
    },
    "total": 2106.6837940980004,
    "count": 1,
    "self": 0.0035981389992230106,
    "children": {
        "run_training.setup": {
            "total": 0.008100243001536,
            "count": 1,
            "self": 0.008100243001536
        },
        "TrainerController.start_learning": {
            "total": 2106.6720957159996,
            "count": 1,
            "self": 1.2882234756543767,
            "children": {
                "TrainerController._reset_env": {
                    "total": 5.091605989000527,
                    "count": 1,
                    "self": 5.091605989000527
                },
                "TrainerController.advance": {
                    "total": 2100.2531795193427,
                    "count": 70056,
                    "self": 1.21215171503718,
                    "children": {
                        "env_step": {
                            "total": 1656.735247133649,
                            "count": 70056,
                            "self": 1614.2851318386965,
                            "children": {
                                "SubprocessEnvManager._take_step": {
                                    "total": 41.65231457007758,