{
    "name": "root",
    "gauges": {
        "MLMergeDefender.Policy.Entropy.mean": {
            "value": 5.030895709991455,
            "min": 1.420473337173462,
            "max": 5.030895709991455,
            "count": 310
        },
        "MLMergeDefender.Policy.Entropy.sum": {
            "value": 251544.78125,
            "min": 70472.5546875,
            "max": 251544.78125,
            "count": 310
        },
        "MLMergeDefender.Step.mean": {
            "value": 15499896.0,
            "min": 49872.0,
            "max": 15499896.0,
            "count": 310
        },
        "MLMergeDefender.Step.sum": {
            "value": 15499896.0,
            "min": 49872.0,
            "max": 15499896.0,
            "count": 310
        },
        "MLMergeDefender.Policy.ExtrinsicBaselineEstimate.mean": {
            "value": 4.931279182434082,
            "min": 1.0098780393600464,
            "max": 4.998834133148193,
            "count": 310
        },
        "MLMergeDefender.Policy.ExtrinsicBaselineEstimate.sum": {
            "value": 2194.419189453125,
            "min": 440.30682373046875,
            "max": 2240.69775390625,
            "count": 310
        },
        "MLMergeDefender.Policy.ExtrinsicValueEstimate.mean": {
            "value": 4.922001838684082,
            "min": 1.1021095514297485,
            "max": 4.999457359313965,
            "count": 310
        },
        "MLMergeDefender.Policy.ExtrinsicValueEstimate.sum": {
            "value": 2190.290771484375,
            "min": 480.519775390625,
            "max": 2240.6171875,
            "count": 310
        },
        "MLMergeDefender.Losses.PolicyLoss.mean": {
            "value": 0.027648712910013272,
            "min": 0.01914677023460778,
            "max": 0.027648712910013272,
            "count": 310
        },
        "MLMergeDefender.Losses.PolicyLoss.sum": {
            "value": 0.13824356455006637,
            "min": 0.08199972743556525,
            "max": 0.13824356455006637,
            "count": 310
        },
        "MLMergeDefender.Losses.ValueLoss.mean": {
            "value": 0.047008419921233634,
            "min": 0.02454087047469026,
            "max": 0.13931893531957434,
            "count": 310
        },
        "MLMergeDefender.Losses.ValueLoss.sum": {
            "value": 0.23504209960616818,
            "min": 0.09816348189876103,
            "max": 0.5958349873040182,
            "count": 310
        },
        "MLMergeDefender.Losses.BaselineLoss.mean": {
            "value": 0.050273354303402205,
            "min": 0.026761143550587195,
            "max": 0.3394543712337812,
            "count": 310
        },
        "MLMergeDefender.Losses.BaselineLoss.sum": {
            "value": 0.25136677151701103,
            "min": 0.10746709467687957,
            "max": 1.3578174849351248,
            "count": 310
        },
        "MLMergeDefender.Policy.LearningRate.mean": {
            "value": 0.0003,
            "min": 0.0003,
            "max": 0.0003,
            "count": 310
        },
        "MLMergeDefender.Policy.LearningRate.sum": {
            "value": 0.0014999999999999998,
            "min": 0.0012,
            "max": 0.0014999999999999998,
            "count": 310
        },
        "MLMergeDefender.Policy.Epsilon.mean": {
            "value": 0.2000000000000001,
            "min": 0.20000000000000004,
            "max": 0.2000000000000001,
            "count": 310
        },
        "MLMergeDefender.Policy.Epsilon.sum": {
            "value": 1.0000000000000004,
            "min": 0.8000000000000003,
            "max": 1.0000000000000004,
            "count": 310
        },
        "MLMergeDefender.Policy.Beta.mean": {
            "value": 0.010000000000000002,
            "min": 0.010000000000000002,
            "max": 0.010000000000000002,
            "count": 310
        },
        "MLMergeDefender.Policy.Beta.sum": {
            "value": 0.05000000000000001,
            "min": 0.04000000000000001,
            "max": 0.05000000000000001,
            "count": 310
        },
        "MLMergeDefender.Environment.EpisodeLength.mean": {
            "value": 899.1428571428571,
            "min": 809.25,
            "max": 899.3333333333334,
            "count": 310
        },
        "MLMergeDefender.Environment.EpisodeLength.sum": {
            "value": 50352.0,
            "min": 43152.0,
            "max": 57898.0,
            "count": 310
        },
        "MLMergeDefender.Environment.CumulativeReward.mean": {
            "value": 0.0,
            "min": 0.0,
            "max": 0.0,
            "count": 310
        },
        "MLMergeDefender.Environment.CumulativeReward.sum": {
            "value": 0.0,
            "min": 0.0,
            "max": 0.0,
            "count": 310
        },
        "MLMergeDefender.Policy.ExtrinsicReward.mean": {
            "value": 44.97500398063234,
            "min": 40.37464638054371,
            "max": 44.987603961229325,
            "count": 310
        },
        "MLMergeDefender.Policy.ExtrinsicReward.sum": {
            "value": 2518.600222915411,
            "min": 2158.920191437006,
            "max": 2893.7802546322346,
            "count": 310
        },
        "MLMergeDefender.Environment.GroupCumulativeReward.mean": {
            "value": 44.97500398063234,
            "min": 40.37464638054371,
            "max": 44.987603961229325,
            "count": 310
        },
        "MLMergeDefender.Environment.GroupCumulativeReward.sum": {
            "value": 2518.600222915411,
            "min": 2158.920191437006,
            "max": 2893.7802546322346,
            "count": 310
        },
        "MLMergeDefender.IsTraining.mean": {
            "value": 1.0,
            "min": 1.0,
            "max": 1.0,
            "count": 310
        },
        "MLMergeDefender.IsTraining.sum": {
            "value": 1.0,
            "min": 1.0,
            "max": 1.0,
            "count": 310
        }
    },
    "metadata": {
        "timer_format_version": "0.1.0",
        "start_time_seconds": "1684329888",
        "python_version": "3.10.8 (main, Apr  4 2023, 11:22:02) [GCC 12.2.0]",
        "command_line_arguments": "/home/stefano/git/uni/MasterThesisFlySim/python_part/venv/bin/mlagents-learn config/mergeDefenes.yaml --run-id=mergedefense_2",
        "mlagents_version": "0.30.0",
        "mlagents_envs_version": "0.30.0",
        "communication_protocol_version": "1.5.0",
        "pytorch_version": "1.11.0+cpu",
        "numpy_version": "1.21.2",
        "end_time_seconds": "1684403016"
    },
    "total": 73127.857456415,
    "count": 1,
    "self": 0.005842103011673316,
    "children": {
        "run_training.setup": {
            "total": 0.007752886001981096,
            "count": 1,
            "self": 0.007752886001981096
        },
        "TrainerController.start_learning": {
            "total": 73127.843861426,
            "count": 1,
            "self": 17.37629525990633,
            "children": {
                "TrainerController._reset_env": {
                    "total": 4.89053553100166,
                    "count": 1,
                    "self": 4.89053553100166
                },
                "TrainerController.advance": {
                    "total": 73105.52727968509,
                    "count": 975424,
                    "self": 15.876612399079022,
                    "children": {
                        "env_step": {
                            "total": 67807.51391371351,
                            "count": 975424,
                            "self": 67121.95604865422,
                            "children": {
                                "SubprocessEnvManager._take_step": {
                                    "total": 674.7328277113156,
                                    "count": 975424,
                                    "self": 56.13125177265465,