{
    "name": "root",
    "gauges": {
        "GWO_Defender.Policy.Entropy.mean": {
            "value": 3.1872332096099854,
            "min": 1.422943115234375,
            "max": 3.1872332096099854,
            "count": 300
        },
        "GWO_Defender.Policy.Entropy.sum": {
            "value": 159259.671875,
            "min": 71405.9765625,
            "max": 159352.875,
            "count": 300
        },
        "GWO_Defender.Step.mean": {
            "value": 14999938.0,
            "min": 49996.0,
            "max": 14999938.0,
            "count": 300
        },
        "GWO_Defender.Step.sum": {
            "value": 14999938.0,
            "min": 49996.0,
            "max": 14999938.0,
            "count": 300
        },
        "GWO_Defender.Policy.ExtrinsicBaselineEstimate.mean": {
            "value": 4.965090751647949,
            "min": 1.0581247806549072,
            "max": 5.023256301879883,
            "count": 300
        },
        "GWO_Defender.Policy.ExtrinsicBaselineEstimate.sum": {
            "value": 4031.653564453125,
            "min": 860.2554931640625,
            "max": 4078.884033203125,
            "count": 300
        },
        "GWO_Defender.Policy.ExtrinsicValueEstimate.mean": {
            "value": 4.96532678604126,
            "min": 1.176892638206482,
            "max": 5.023271083831787,
            "count": 300
        },
        "GWO_Defender.Policy.ExtrinsicValueEstimate.sum": {
            "value": 4031.84521484375,
            "min": 956.813720703125,
            "max": 4078.89599609375,
            "count": 300
        },
        "GWO_Defender.Environment.EpisodeLength.mean": {
            "value": 799.2258064516129,
            "min": 679.9459459459459,
            "max": 799.2666666666667,
            "count": 300
        },
        "GWO_Defender.Environment.EpisodeLength.sum": {
            "value": 49552.0,
            "min": 46356.0,
            "max": 51832.0,
            "count": 300
        },
        "GWO_Defender.Environment.CumulativeReward.mean": {
            "value": 0.0,
            "min": 0.0,
            "max": 0.0,
            "count": 300
        },
        "GWO_Defender.Environment.CumulativeReward.sum": {
            "value": 0.0,
            "min": 0.0,
            "max": 0.0,
            "count": 300
        },
        "GWO_Defender.Policy.ExtrinsicReward.mean": {
            "value": 39.9787073135376,
            "min": 33.799727689575505,
            "max": 39.98062263429165,
            "count": 300
        },
        "GWO_Defender.Policy.ExtrinsicReward.sum": {
            "value": 2478.679853439331,
            "min": 2315.719862639904,
            "max": 2588.7398463487625,
            "count": 300
        },
        "GWO_Defender.Environment.GroupCumulativeReward.mean": {
            "value": 39.9787073135376,
            "min": 33.799727689575505,
            "max": 39.98062263429165,
            "count": 300
        },
        "GWO_Defender.Environment.GroupCumulativeReward.sum": {
            "value": 2478.679853439331,
            "min": 2315.719862639904,
            "max": 2588.7398463487625,
            "count": 300
        },
        "GWO_Defender.Losses.PolicyLoss.mean": {
            "value": 0.023309579418128123,
            "min": 0.01966518819118695,
            "max": 0.028346238379211474,
            "count": 300
        },
        "GWO_Defender.Losses.PolicyLoss.sum": {
            "value": 0.09323831767251249,
            "min": 0.07882518975663212,
            "max": 0.14173119189605737,
            "count": 300
        },
        "GWO_Defender.Losses.ValueLoss.mean": {
            "value": 0.00015025466940035888,
            "min": 1.0504730398679386e-05,
            "max": 0.08486952778572837,
            "count": 300
        },
        "GWO_Defender.Losses.ValueLoss.sum": {
            "value": 0.0006010186776014355,
            "min": 4.6972182925249706e-05,
            "max": 0.3394781111429135,
            "count": 300
        },
        "GWO_Defender.Losses.BaselineLoss.mean": {
            "value": 0.00015549224403912373,
            "min": 1.1287933515025845e-05,
            "max": 0.25125168624023597,
            "count": 300
        },
        "GWO_Defender.Losses.BaselineLoss.sum": {
            "value": 0.0006219689761564949,
            "min": 5.065285655897848e-05,
            "max": 1.0050067449609439,
            "count": 300
        },
        "GWO_Defender.Policy.LearningRate.mean": {
            "value": 0.0003,
            "min": 0.0003,
            "max": 0.0003,
            "count": 300
        },
        "GWO_Defender.Policy.LearningRate.sum": {
            "value": 0.0012,
            "min": 0.0012,
            "max": 0.0014999999999999998,
            "count": 300
        },
        "GWO_Defender.Policy.Epsilon.mean": {
            "value": 0.20000000000000007,
            "min": 0.20000000000000007,
            "max": 0.2000000000000001,
            "count": 300
        },
        "GWO_Defender.Policy.Epsilon.sum": {
            "value": 0.8000000000000003,
            "min": 0.8000000000000003,
            "max": 1.0000000000000004,
            "count": 300
        },
        "GWO_Defender.Policy.Beta.mean": {
            "value": 0.010000000000000002,
            "min": 0.010000000000000002,
            "max": 0.010000000000000002,
            "count": 300
        },
        "GWO_Defender.Policy.Beta.sum": {
            "value": 0.04000000000000001,
            "min": 0.04000000000000001,
            "max": 0.05000000000000001,
            "count": 300
        },
        "GWO_Defender.IsTraining.mean": {
            "value": 1.0,
            "min": 1.0,
            "max": 1.0,
            "count": 300
        },
        "GWO_Defender.IsTraining.sum": {
            "value": 1.0,
            "min": 1.0,
            "max": 1.0,
            "count": 300
        }
    },
    "metadata": {
        "timer_format_version": "0.1.0",
        "start_time_seconds": "1673455613",
        "python_version": "3.10.5 (main, Jul 10 2022, 10:18:59) [GCC 11.2.0]",
        "command_line_arguments": "/home/stefano/git/uni/MasterThesisFlySim/python_part/venv/bin/mlagents-learn config/gwo.yaml --run-id=GWO_2",
        "mlagents_version": "0.30.0",
        "mlagents_envs_version": "0.30.0",
        "communication_protocol_version": "1.5.0",
        "pytorch_version": "1.11.0+cpu",
        "numpy_version": "1.21.2",
        "end_time_seconds": "1673473115"
    },
    "total": 17501.589206987992,
    "count": 1,
    "self": 0.004416185984155163,
    "children": {
        "run_training.setup": {
            "total": 0.0069276129943318665,
            "count": 1,
            "self": 0.0069276129943318665
        },
        "TrainerController.start_learning": {
            "total": 17501.577863189013,
            "count": 1,
            "self": 27.85423241808894,
            "children": {
                "TrainerController._reset_env": {
                    "total": 4.322495196014643,
                    "count": 1,
                    "self": 4.322495196014643
                },
                "TrainerController.advance": {
                    "total": 17469.367788400938,
                    "count": 1882549,
                    "self": 23.974053743615514,
                    "children": {
                        "env_step": {
                            "total": 12354.231342070998,
                            "count": 1882549,
                            "self": 11462.446871136897,
                            "children": {
                                "SubprocessEnvManager._take_step": {
                                    "total": 874.5480639922898,
                                    "count": 1882549,
                                    "self": 85.1382038279553,